<?xml version="1.0" encoding="UTF-8"?>
<project-private xmlns="http://www.netbeans.org/ns/project-private/1">
    <editor-bookmarks xmlns="http://www.netbeans.org/ns/editor-bookmarks/2" lastBookmarkId="0"/>
    <open-files xmlns="http://www.netbeans.org/ns/projectui-open-files/2">
        <group>
            <file>file:/home/meone/NetBeansProjects/PerpustakanLite/src/MyForm/InventoryBook.java</file>
            <file>file:/home/meone/NetBeansProjects/PerpustakanLite/src/MyForm/RegisForm.java</file>
            <file>file:/home/meone/NetBeansProjects/PerpustakanLite/src/MyForm/LoginForm.java</file>
            <file>file:/home/meone/NetBeansProjects/PerpustakanLite/src/MyForm/UserForm.java</file>
            <file>file:/home/meone/NetBeansProjects/PerpustakanLite/src/MyClass/Activity.java</file>
            <file>file:/home/meone/NetBeansProjects/PerpustakanLite/src/MyForm/AdminForm.java</file>
        </group>
    </open-files>
</project-private>
